	A	R	N	D	C	Q	E	G	H	I	L	K	M	F	P	S	T	W	Y	V
A	1	0	0	0	-5	0	-1	0	-1	0	0	-1	0	-1	0	0	0	0	-1	0
R	0	2	0	0	-4	0	0	0	0	0	0	0	0	-1	0	0	0	0	-1	0
N	0	0	1	0	-5	0	0	0	0	0	-1	0	0	-1	0	0	0	0	0	0
D	0	0	0	1	-4	0	0	0	0	0	0	0	0	-1	0	0	0	0	0	0
C	-5	-4	-5	-4	2	-5	-5	0	-3	-4	-5	-3	-2	-4	-4	1	-5	-2	-5	-4
Q	0	0	0	0	-5	2	-1	-1	-1	0	0	0	-1	-2	0	-2	-1	0	0	-1
E	-1	0	0	0	-5	-1	2	0	-1	0	-1	0	0	-2	1	-1	1	0	0	0
G	0	0	0	0	0	-1	0	0	0	0	0	-1	0	-1	0	0	0	0	0	0
H	-1	0	0	0	-3	-1	-1	0	2	0	0	-2	0	2	0	-1	0	0	2	0
I	0	0	0	0	-4	0	0	0	0	3	0	0	1	0	0	0	0	0	0	0
L	0	0	-1	0	-5	0	-1	0	0	0	1	-1	0	0	0	-1	-1	0	0	0
K	-1	0	0	0	-3	0	0	-1	-2	0	-1	3	0	-2	0	-1	0	-1	-2	-1
M	0	0	0	0	-2	-1	0	0	0	1	0	0	1	0	0	0	0	0	-1	0
F	-1	-1	-1	-1	-4	-2	-2	-1	2	0	0	-2	0	2	0	-2	0	0	2	-1
P	0	0	0	0	-4	0	1	0	0	0	0	0	0	0	1	0	0	0	-1	0
S	0	0	0	0	1	-2	-1	0	-1	0	-1	-1	0	-2	0	2	0	0	-2	0
T	0	0	0	0	-5	-1	1	0	0	0	-1	0	0	0	0	0	1	0	0	0
W	0	0	0	0	-2	0	0	0	0	0	0	-1	0	0	0	0	0	1	0	0
Y	-1	-1	0	0	-5	0	0	0	2	0	0	-2	-1	2	-1	-2	0	0	2	-1
V	0	0	0	0	-4	-1	0	0	0	0	0	-1	0	-1	0	0	0	0	-1	1
